{
  "Ansi 0 Color" : {
    "Red Component" : 0.0039215688593685627,
    "Color Space" : "sRGB",
    "Blue Component" : 0.15294118225574493,
    "Alpha Component" : 1,
    "Green Component" : 0.086274512112140656
  },
  "Ansi 15 Color (Dark)" : {
    "Green Component" : 1,
    "Blue Component" : 1,
    "Red Component" : 1
  },
  "Foreground Color (Dark)" : {
    "Green Component" : 0.73333334922790527,
    "Blue Component" : 0.73333334922790527,
    "Red Component" : 0.73333334922790527
  },
  "Cursor Text Color" : {
    "Red Component" : 0.99999600648880005,
    "Color Space" : "sRGB",
    "Blue Component" : 1,
    "Alpha Component" : 1,
    "Green Component" : 1
  },
  "Smart Cursor Color" : false,
  "Prompt Before Closing 2" : false,
  "Ansi 3 Color (Dark)" : {
    "Green Component" : 0.73333334922790527,
    "Blue Component" : 0,
    "Red Component" : 0.73333334922790527
  },
  "Ansi 12 Color (Dark)" : {
    "Green Component" : 0.3333333432674408,
    "Blue Component" : 1,
    "Red Component" : 0.3333333432674408
  },
  "Mouse Reporting" : true,
  "Use Underline Color (Light)" : false,
  "Disable Window Resizing" : true,
  "BM Growl" : true,
  "Background Color (Dark)" : {
    "Green Component" : 0,
    "Blue Component" : 0,
    "Red Component" : 0
  },
  "Guid" : "F2B1211E-AFB5-4067-A390-51F22ED747C3",
  "Cursor Color (Dark)" : {
    "Green Component" : 0.73333334922790527,
    "Blue Component" : 0.73333334922790527,
    "Red Component" : 0.73333334922790527
  },
  "Selection Color (Dark)" : {
    "Green Component" : 0.8353000283241272,
    "Blue Component" : 1,
    "Red Component" : 0.70980000495910645
  },
  "Scrollback Lines" : 0,
  "Badge Color (Dark)" : {
    "Red Component" : 1,
    "Color Space" : "sRGB",
    "Blue Component" : 0,
    "Alpha Component" : 0.5,
    "Green Component" : 0.14910030364990234
  },
  "Faint Text Alpha" : 0.49705188679245282,
  "Ansi 0 Color (Dark)" : {
    "Green Component" : 0,
    "Blue Component" : 0,
    "Red Component" : 0
  },
  "Transparency" : 0.016976950354609933,
  "Bound Hosts" : [

  ],
  "Use Bright Bold" : true,
  "Horizontal Spacing" : 1,
  "Ansi 13 Color (Light)" : {
    "Green Component" : 0.3333333432674408,
    "Blue Component" : 1,
    "Red Component" : 1
  },
  "Blur" : false,
  "Ansi 13 Color" : {
    "Red Component" : 0.78039216995239258,
    "Color Space" : "sRGB",
    "Blue Component" : 0.91764706373214722,
    "Alpha Component" : 1,
    "Green Component" : 0.57254904508590698
  },
  "Ansi 2 Color (Dark)" : {
    "Green Component" : 0.73333334922790527,
    "Blue Component" : 0,
    "Red Component" : 0
  },
  "Cursor Color" : {
    "Red Component" : 0.49411764740943909,
    "Color Space" : "sRGB",
    "Blue Component" : 0.7607843279838562,
    "Alpha Component" : 1,
    "Green Component" : 0.34117648005485535
  },
  "Unicode Version" : 9,
  "Use Cursor Guide (Light)" : false,
  "Option Key Sends" : 0,
  "Idle Code" : 0,
  "Ansi 13 Color (Dark)" : {
    "Green Component" : 0.3333333432674408,
    "Blue Component" : 1,
    "Red Component" : 1
  },
  "Send Code When Idle" : false,
  "Selection Color" : {
    "Red Component" : 0.37254902720451355,
    "Color Space" : "sRGB",
    "Blue Component" : 0.59215688705444336,
    "Alpha Component" : 1,
    "Green Component" : 0.49411764740943909
  },
  "Terminal Type" : "xterm-256color",
  "Cursor Boost (Dark)" : 0,
  "Right Option Key Sends" : 0,
  "Background Color" : {
    "Red Component" : 0.0039215688593685627,
    "Color Space" : "sRGB",
    "Blue Component" : 0.15294118225574493,
    "Alpha Component" : 1,
    "Green Component" : 0.086274512112140656
  },
  "Tab Color" : {
    "Red Component" : 0.0039215688593685627,
    "Color Space" : "sRGB",
    "Blue Component" : 0.15294118225574493,
    "Alpha Component" : 1,
    "Green Component" : 0.086274512112140656
  },
  "Ansi 10 Color (Dark)" : {
    "Green Component" : 1,
    "Blue Component" : 0.3333333432674408,
    "Red Component" : 0.3333333432674408
  },
  "Ansi 10 Color" : {
    "Red Component" : 0.13333334028720856,
    "Color Space" : "sRGB",
    "Blue Component" : 0.43137255311012268,
    "Alpha Component" : 1,
    "Green Component" : 0.85490196943283081
  },
  "Vertical Spacing" : 1,
  "Use Tab Color (Light)" : false,
  "Columns" : 120,
  "Ansi 2 Color (Light)" : {
    "Green Component" : 0.73333334922790527,
    "Blue Component" : 0,
    "Red Component" : 0
  },
  "Screen" : -1,
  "Cursor Text Color (Dark)" : {
    "Green Component" : 1,
    "Blue Component" : 1,
    "Red Component" : 1
  },
  "Description" : "Default",
  "Unlimited Scrollback" : true,
  "Use Italic Font" : true,
  "Working Directory" : "\/Users\/carloscastro",
  "Selected Text Color (Dark)" : {
    "Green Component" : 0,
    "Blue Component" : 0,
    "Red Component" : 0
  },
  "Use Cursor Guide (Dark)" : false,
  "Visual Bell" : false,
  "Link Color (Light)" : {
    "Red Component" : 0,
    "Color Space" : "sRGB",
    "Blue Component" : 0.73422706127166748,
    "Alpha Component" : 1,
    "Green Component" : 0.35915294289588928
  },
  "Ansi 1 Color (Dark)" : {
    "Green Component" : 0,
    "Blue Component" : 0,
    "Red Component" : 0.73333334922790527
  },
  "Default Bookmark" : "No",
  "Ansi 14 Color (Light)" : {
    "Green Component" : 1,
    "Blue Component" : 1,
    "Red Component" : 0.3333333432674408
  },
  "Ansi 7 Color (Light)" : {
    "Green Component" : 0.73333334922790527,
    "Blue Component" : 0.73333334922790527,
    "Red Component" : 0.73333334922790527
  },
  "Ansi 3 Color (Light)" : {
    "Green Component" : 0.73333334922790527,
    "Blue Component" : 0,
    "Red Component" : 0.73333334922790527
  },
  "Ansi 9 Color (Dark)" : {
    "Green Component" : 0.3333333432674408,
    "Blue Component" : 0.3333333432674408,
    "Red Component" : 1
  },
  "Badge Color (Light)" : {
    "Red Component" : 1,
    "Color Space" : "sRGB",
    "Blue Component" : 0,
    "Alpha Component" : 0.5,
    "Green Component" : 0.14910030364990234
  },
  "Ansi 14 Color (Dark)" : {
    "Green Component" : 1,
    "Blue Component" : 1,
    "Red Component" : 0.3333333432674408
  },
  "Tags" : [

  ],
  "Link Color (Dark)" : {
    "Red Component" : 0,
    "Color Space" : "sRGB",
    "Blue Component" : 0.73422706127166748,
    "Alpha Component" : 1,
    "Green Component" : 0.35915294289588928
  },
  "Custom Command" : "No",
  "Jobs to Ignore" : [
    "rlogin",
    "ssh",
    "slogin",
    "telnet"
  ],
  "Use Non-ASCII Font" : false,
  "Custom Directory" : "No",
  "Use Selected Text Color (Light)" : true,
  "Bold Color (Light)" : {
    "Green Component" : 1,
    "Blue Component" : 1,
    "Red Component" : 1
  },
  "Brighten Bold Text (Dark)" : true,
  "Ansi 8 Color (Light)" : {
    "Green Component" : 0.3333333432674408,
    "Blue Component" : 0.3333333432674408,
    "Red Component" : 0.3333333432674408
  },
  "Name" : "Night Owl",
  "Ansi 11 Color (Dark)" : {
    "Green Component" : 1,
    "Blue Component" : 0.3333333432674408,
    "Red Component" : 1
  },
  "Ansi 14 Color" : {
    "Red Component" : 0.49803921580314636,
    "Color Space" : "sRGB",
    "Blue Component" : 0.7921568751335144,
    "Alpha Component" : 1,
    "Green Component" : 0.85882353782653809
  },
  "Faint Text Alpha (Dark)" : 0.5,
  "Blur Radius" : 20.237657912234042,
  "Rows" : 30,
  "Background Color (Light)" : {
    "Green Component" : 0,
    "Blue Component" : 0,
    "Red Component" : 0
  },
  "Cursor Guide Color (Light)" : {
    "Red Component" : 0.70214027166366577,
    "Color Space" : "sRGB",
    "Blue Component" : 1,
    "Alpha Component" : 0.25,
    "Green Component" : 0.92681378126144409
  },
  "Use Selected Text Color" : true,
  "Ansi 6 Color (Dark)" : {
    "Green Component" : 0.73333334922790527,
    "Blue Component" : 0.73333334922790527,
    "Red Component" : 0
  },
  "Use Tab Color" : false,
  "Use Bright Bold (Light)" : true,
  "Cursor Color (Light)" : {
    "Green Component" : 0.73333334922790527,
    "Blue Component" : 0.73333334922790527,